Strategy,Team_Score,Avg_Attack,Avg_Defense,Avg_Passing
balanced,862.1000000000001,68.9090909090909,75.9090909090909,81.0
attack,853.0999999999999,75.27272727272727,66.72727272727273,79.63636363636364
defense,890.7,62.45454545454545,81.0909090909091,78.18181818181819
possession,862.5,69.54545454545455,74.63636363636364,81.72727272727273
