Strategy,Formation,Avg_Attack,Avg_Defense,Avg_Passing
balanced,1-3-4-3,74.72727272727273,77.0909090909091,84.72727272727273
attack,1-3-2-5,76.72727272727273,72.0909090909091,83.18181818181819
defense,1-5-4-1,67.45454545454545,83.9090909090909,80.63636363636364
